{
  "stdp": {
    "-50": -0.8983140289783478,
    "-40": -0.8983140289783478,
    "-30": -0.8983140289783478,
    "-20": -0.9800000004470348,
    "-10": -0.9800000004470348,
    "10": 1.8464045524597168,
    "20": 0.2992597818374634,
    "30": -0.254544198513031,
    "40": -0.254544198513031,
    "50": -0.254544198513031
  },
  "bi_poo_1998": {
    "dt_ms": [
      -50,
      -40,
      -30,
      -20,
      -10,
      10,
      20,
      30,
      40,
      50
    ],
    "dw_norm": [
      -0.25,
      -0.35,
      -0.5,
      -0.75,
      -0.9,
      0.9,
      0.75,
      0.5,
      0.35,
      0.25
    ],
    "source": "Bi & Poo (1998) J Neurosci"
  }
}