{
  "10": {
    "precision": 0.0,
    "recall": 0.0,
    "f1": 0.0,
    "matched_pairs": [],
    "isi_allen": {
      "mean_ms": NaN,
      "cv": NaN,
      "adapt": NaN,
      "latency_ms": NaN
    },
    "isi_cortex": {
      "mean_ms": NaN,
      "cv": NaN,
      "adapt": NaN,
      "latency_ms": 74.29999999999447
    },
    "ap_allen": {
      "n": 0,
      "peak_mV_avg": NaN,
      "trough_mV_avg": NaN,
      "halfwidth_ms_avg": NaN,
      "ahp_depth_mV_avg": NaN,
      "dvdtmax_mVms_avg": NaN
    },
    "ap_cortex": {
      "n": 1,
      "peak_mV_avg": -66.3771743774414,
      "trough_mV_avg": -66.75729370117188,
      "halfwidth_ms_avg": 1.0,
      "ahp_depth_mV_avg": 0.0,
      "dvdtmax_mVms_avg": 0.1934814453125
    },
    "subthreshold_allen": {
      "baseline_mV": -75.00504928641021,
      "dV_ss_mV": 3.5267841234803283,
      "Rin_MOhm": 352.67841234803285,
      "tau_ms": 28496.7638295027
    },
    "subthreshold_cortex": {
      "baseline_mV": -69.97649044036866,
      "dV_ss_mV": -49.62993678283691,
      "Rin_MOhm": -4962.99367828369,
      "tau_ms": 3.0015006669877002e-05
    }
  },
  "30": {
    "precision": 0.0,
    "recall": 0.0,
    "f1": 0.0,
    "matched_pairs": [],
    "isi_allen": {
      "mean_ms": NaN,
      "cv": NaN,
      "adapt": NaN,
      "latency_ms": NaN
    },
    "isi_cortex": {
      "mean_ms": 159.0249999999825,
      "cv": 1.4503437367090535,
      "adapt": 1.0647709320695102,
      "latency_ms": 38.74999999999838
    },
    "ap_allen": {
      "n": 0,
      "peak_mV_avg": NaN,
      "trough_mV_avg": NaN,
      "halfwidth_ms_avg": NaN,
      "ahp_depth_mV_avg": NaN,
      "dvdtmax_mVms_avg": NaN
    },
    "ap_cortex": {
      "n": 5,
      "peak_mV_avg": -71.90320205688477,
      "trough_mV_avg": -73.15095825195313,
      "halfwidth_ms_avg": 1.01,
      "ahp_depth_mV_avg": 1.19263916015625,
      "dvdtmax_mVms_avg": 0.64495849609375
    },
    "subthreshold_allen": {
      "baseline_mV": -74.72394652105868,
      "dV_ss_mV": 11.278337011858818,
      "Rin_MOhm": 375.94459096387396,
      "tau_ms": 24207.855691852328
    },
    "subthreshold_cortex": {
      "baseline_mV": -69.97649044036866,
      "dV_ss_mV": -50.02350955963139,
      "Rin_MOhm": -1667.4503186543795,
      "tau_ms": 3.0015006669877002e-05
    }
  },
  "50": {
    "precision": 0.0,
    "recall": 0.0,
    "f1": 0.0,
    "matched_pairs": [],
    "isi_allen": {
      "mean_ms": NaN,
      "cv": NaN,
      "adapt": NaN,
      "latency_ms": NaN
    },
    "isi_cortex": {
      "mean_ms": 111.01874999998778,
      "cv": 1.232313809444861,
      "adapt": 2.764525993883792,
      "latency_ms": 27.999999999999567
    },
    "ap_allen": {
      "n": 0,
      "peak_mV_avg": NaN,
      "trough_mV_avg": NaN,
      "halfwidth_ms_avg": NaN,
      "ahp_depth_mV_avg": NaN,
      "dvdtmax_mVms_avg": NaN
    },
    "ap_cortex": {
      "n": 9,
      "peak_mV_avg": -70.22102610270183,
      "trough_mV_avg": -71.09779273139105,
      "halfwidth_ms_avg": 0.9888888888888889,
      "ahp_depth_mV_avg": 1.351451449924045,
      "dvdtmax_mVms_avg": 0.4646725124782986
    },
    "subthreshold_allen": {
      "baseline_mV": -74.9038616605103,
      "dV_ss_mV": 20.959829003177582,
      "Rin_MOhm": 419.1965800635516,
      "tau_ms": 20888.77474025155
    },
    "subthreshold_cortex": {
      "baseline_mV": -69.97649044036866,
      "dV_ss_mV": 0.7290168094635091,
      "Rin_MOhm": 14.58033618927018,
      "tau_ms": 617884.4851208318
    }
  },
  "70": {
    "precision": 0.08333333333333333,
    "recall": 0.25,
    "f1": 0.125,
    "matched_pairs": [
      [
        1,
        6
      ]
    ],
    "isi_allen": {
      "mean_ms": 220.90833333333333,
      "cv": 0.05214235819352911,
      "adapt": 0.938086024706057,
      "latency_ms": 226.32999999999993
    },
    "isi_cortex": {
      "mean_ms": 78.336363636355,
      "cv": 0.7072561761801868,
      "adapt": 3.260869565217391,
      "latency_ms": 22.60000000000016
    },
    "ap_allen": {
      "n": 4,
      "peak_mV_avg": -74.00781475007534,
      "trough_mV_avg": -74.21875186264515,
      "halfwidth_ms_avg": 0.015000000000000001,
      "ahp_depth_mV_avg": 0.24999864399433136,
      "dvdtmax_mVms_avg": 29.687955975532528
    },
    "ap_cortex": {
      "n": 12,
      "peak_mV_avg": -63.892266591389976,
      "trough_mV_avg": -64.39278920491536,
      "halfwidth_ms_avg": 0.8458333333333333,
      "ahp_depth_mV_avg": 0.5563615163167318,
      "dvdtmax_mVms_avg": 0.3124745686848958
    },
    "subthreshold_allen": {
      "baseline_mV": -74.05833710730076,
      "dV_ss_mV": 21.316678065806624,
      "Rin_MOhm": 304.52397236866597,
      "tau_ms": 37341.39230112907
    },
    "subthreshold_cortex": {
      "baseline_mV": -69.97649044036866,
      "dV_ss_mV": 0.7814080505371135,
      "Rin_MOhm": 11.16297215053019,
      "tau_ms": 618902.7476345284
    }
  },
  "90": {
    "precision": 0.0,
    "recall": 0.0,
    "f1": 0.0,
    "matched_pairs": [],
    "isi_allen": {
      "mean_ms": 126.64083333333332,
      "cv": 0.038363839476136724,
      "adapt": 1.0468978789273302,
      "latency_ms": 128.085
    },
    "isi_cortex": {
      "mean_ms": 62.85666666666154,
      "cv": 0.37412215473686844,
      "adapt": 8.651933701660427,
      "latency_ms": 19.25000000000053
    },
    "ap_allen": {
      "n": 7,
      "peak_mV_avg": -76.4062511069434,
      "trough_mV_avg": -76.60268140690667,
      "halfwidth_ms_avg": 0.07428571428571429,
      "ahp_depth_mV_avg": 0.22321407284055436,
      "dvdtmax_mVms_avg": 22.32193946838379
    },
    "ap_cortex": {
      "n": 16,
      "peak_mV_avg": -62.67214822769165,
      "trough_mV_avg": -62.8598370552063,
      "halfwidth_ms_avg": 0.253125,
      "ahp_depth_mV_avg": 0.48160672187805176,
      "dvdtmax_mVms_avg": 0.06600379943847656
    },
    "subthreshold_allen": {
      "baseline_mV": -76.42069808021188,
      "dV_ss_mV": 27.074373508617278,
      "Rin_MOhm": 300.82637231796974,
      "tau_ms": 37754.211900811504
    },
    "subthreshold_cortex": {
      "baseline_mV": -69.97649044036866,
      "dV_ss_mV": 9.731466932296762,
      "Rin_MOhm": 108.12741035885291,
      "tau_ms": 580543.3278338753
    }
  },
  "110": {
    "precision": 0.0,
    "recall": 0.0,
    "f1": 0.0,
    "matched_pairs": [],
    "isi_allen": {
      "mean_ms": 93.39611111111111,
      "cv": 0.04993362091231335,
      "adapt": 1.115474657614424,
      "latency_ms": 90.17000000000009
    },
    "isi_cortex": {
      "mean_ms": 51.57499999999432,
      "cv": 0.37275335664927783,
      "adapt": 7.9480519480519485,
      "latency_ms": 17.000000000000778
    },
    "ap_allen": {
      "n": 10,
      "peak_mV_avg": -77.4125024676323,
      "trough_mV_avg": -77.61562615633011,
      "halfwidth_ms_avg": 0.037500000000000006,
      "ahp_depth_mV_avg": 0.224999338388443,
      "dvdtmax_mVms_avg": 26.87513828277588
    },
    "ap_cortex": {
      "n": 19,
      "peak_mV_avg": -61.61444653962788,
      "trough_mV_avg": -61.79637949090255,
      "halfwidth_ms_avg": 0.2605263157894737,
      "ahp_depth_mV_avg": 0.7265327855160362,
      "dvdtmax_mVms_avg": -0.014893381219161185
    },
    "subthreshold_allen": {
      "baseline_mV": -77.87741483002901,
      "dV_ss_mV": 33.11366227345643,
      "Rin_MOhm": 301.0332933950585,
      "tau_ms": 37477.54187196419
    },
    "subthreshold_cortex": {
      "baseline_mV": -69.97649044036866,
      "dV_ss_mV": 10.7430097026825,
      "Rin_MOhm": 97.66372456984092,
      "tau_ms": 585354.037161068
    }
  },
  "130": {
    "precision": 0.0,
    "recall": 0.0,
    "f1": 0.0,
    "matched_pairs": [],
    "isi_allen": {
      "mean_ms": 65.79321428571428,
      "cv": 0.10752428958867244,
      "adapt": 1.5776860336320626,
      "latency_ms": 65.36999999999993
    },
    "isi_cortex": {
      "mean_ms": 44.31136363636281,
      "cv": 0.359773323134146,
      "adapt": 7.762962962976187,
      "latency_ms": 15.35000000000096
    },
    "ap_allen": {
      "n": 15,