episode,return,steps,ate,dopamine_mean,d_star,efficiency,turns,spike_count,firing_rate,E_rate,I_rate,ATP_proxy,DA_mean,ACh_mean,E_I_balance
3,13.500000000000005,50,0,0.7265475165843963,1,0.02,0,33,0.66,1.0499999523162842,1.0500000715255737,33.210000002384184,0.4393062889575958,1.2082126140594482,0.999999886467351
