{
  "total_episodes": 80,
  "final_td_error": 0.0,
  "final_value": 0.0,
  "mean_firing_rate": 0.1682714138955074,
  "mean_dopamine": 0.5926379561424255,
  "total_spikes": 0
}