episode,return,steps,ate,dopamine_mean,d_star,efficiency,turns,spike_count,firing_rate,E_rate,I_rate,ATP_proxy,DA_mean,ACh_mean,E_I_balance
12,13.500000000000009,50,0,0.7313010853528976,1,0.02,0,33,0.66,1.0499999523162842,1.0500000715255737,33.210000002384184,0.40859198570251465,1.2032310962677002,0.999999886467351
