episode,return,steps,ate,dopamine_mean,d_star,efficiency,turns,spike_count,firing_rate,E_rate,I_rate,ATP_proxy,DA_mean,ACh_mean,E_I_balance
4,20.499999999999996,50,0,0.8842415821552276,1,0.02,0,33,0.66,1.0499999523162842,1.0500000715255737,33.210000002384184,0.7244744300842285,1.2051972150802612,0.999999886467351
