episode,return,steps,ate,dopamine_mean,d_star,efficiency,turns,spike_count,firing_rate,E_rate,I_rate,ATP_proxy,DA_mean,ACh_mean,E_I_balance
48,2.8329931530915813,196,0,0.5645465943582204,1,0.00510204081632653,0,33,0.1683673469387755,1.0499999523162842,1.0500000715255737,33.210000002384184,0.3088504374027252,1.2031641006469727,0.999999886467351
