episode,return,steps,ate,dopamine_mean,d_star,efficiency,turns,spike_count,firing_rate,E_rate,I_rate,ATP_proxy,DA_mean,ACh_mean,E_I_balance
23,3.0401815632743685,196,0,0.5235464729520739,1,0.00510204081632653,0,33,0.1683673469387755,1.0499999523162842,1.0500000715255737,33.210000002384184,0.17785367369651794,1.2031071186065674,0.999999886467351
