current_pA,allen_Hz,cortex_Hz
-90.0,0.0,0.0
-70.0,0.0,0.0
-50.0,0.0,0.0
-30.0,0.0,0.0
-10.0,0.0,0.0
10.0,0.0,0.0
30.0,0.0,0.0
50.0,0.0,0.0
70.0,4.9999375007812406,0.0
90.0,8.74989062636717,4.0
110.0,9.999875001562481,7.0
130.0,14.99981250234372,9.0
150.0,17.49978125273434,12.0
170.0,22.49971875351558,15.0
190.0,24.999687503906202,18.0
210.0,26.249671879101513,21.0
