episode,return,steps,ate,dopamine_mean,d_star,efficiency,turns,spike_count,firing_rate,E_rate,I_rate,ATP_proxy,DA_mean,ACh_mean,E_I_balance
13,8.500000000000004,50,0,0.5593105214834213,1,0.02,0,33,0.66,1.0499999523162842,1.0500000715255737,33.210000002384184,0.5868741273880005,1.2032339572906494,0.999999886467351
