episode,return,steps,ate,dopamine_mean,d_star,efficiency,turns,spike_count,firing_rate,E_rate,I_rate,ATP_proxy,DA_mean,ACh_mean,E_I_balance
8,4.806127282788478,197,0,0.6660624296229503,1,0.005076142131979695,0,33,0.16751269035532995,1.0499999523162842,1.0500000715255737,33.210000002384184,1.2114979028701782,1.203275442123413,0.999999886467351
