episode,return,steps,ate,dopamine_mean,d_star,efficiency,turns,spike_count,firing_rate,E_rate,I_rate,ATP_proxy,DA_mean,ACh_mean,E_I_balance
17,14.556693737885247,50,1,0.7516053915023804,1,0.02,0,33,0.66,1.0499999523162842,1.0500000715255737,33.210000002384184,0.6106165647506714,1.2032735347747803,0.999999886467351
