episode,return,steps,ate,dopamine_mean,d_star,efficiency,turns,spike_count,firing_rate,E_rate,I_rate,ATP_proxy,DA_mean,ACh_mean,E_I_balance
0,3.14905343250586,196,0,0.6309134624328236,1,0.00510204081632653,0,33,0.1683673469387755,1.0499999523162842,1.0500000715255737,33.210000002384184,0.2462671548128128,1.2085206508636475,0.999999886467351
