episode,return,steps,ate,dopamine_mean,d_star,efficiency,turns,spike_count,firing_rate,E_rate,I_rate,ATP_proxy,DA_mean,ACh_mean,E_I_balance
74,2.7679587327299995,197,0,0.5281301829112968,1,0.005076142131979695,0,33,0.16751269035532995,1.0499999523162842,1.0500000715255737,33.210000002384184,1.0809948444366455,1.2031769752502441,0.999999886467351
