episode,return,steps,ate,dopamine_mean,d_star,efficiency,turns,spike_count,firing_rate,E_rate,I_rate,ATP_proxy,DA_mean,ACh_mean,E_I_balance
9,20.443306262114756,50,0,0.9087127113342285,1,0.02,0,33,0.66,1.0499999523162842,1.0500000715255737,33.210000002384184,1.368539810180664,1.2033793926239014,0.999999886467351
