{
  "total_episodes": 2,
  "final_td_error": 0.0,
  "final_value": 0.0,
  "mean_firing_rate": 0.1679400186470527,
  "mean_dopamine": 0.6641022562980652,
  "total_spikes": 0
}