episode,return,steps,ate,dopamine_mean,d_star,efficiency,turns,spike_count,firing_rate,E_rate,I_rate,ATP_proxy,DA_mean,ACh_mean,E_I_balance
14,10.556693737885247,50,1,0.6206804925203323,1,0.02,0,33,0.66,1.0499999523162842,1.0500000715255737,33.210000002384184,0.4627540409564972,1.2032479047775269,0.999999886467351
