episode,return,steps,ate,dopamine_mean,d_star,efficiency,turns,spike_count,firing_rate,E_rate,I_rate,ATP_proxy,DA_mean,ACh_mean,E_I_balance
2,8.500000000000005,50,1,0.5928697568178177,1,0.02,0,33,0.66,1.0499999523162842,1.0500000715255737,33.210000002384184,0.35988277196884155,1.2168400287628174,0.999999886467351
