episode,return,steps,ate,dopamine_mean,d_star,efficiency,turns,spike_count,firing_rate,E_rate,I_rate,ATP_proxy,DA_mean,ACh_mean,E_I_balance
7,27.49999999999998,50,0,1.0597052001953124,1,0.02,0,33,0.66,1.0499999523162842,1.0500000715255737,33.210000002384184,0.6190998554229736,1.2034920454025269,0.999999886467351
