episode,return,steps,ate,dopamine_mean,d_star,efficiency,turns,spike_count,firing_rate,E_rate,I_rate,ATP_proxy,DA_mean,ACh_mean,E_I_balance
19,6.5566937378852455,50,1,0.49156761467456817,1,0.02,0,33,0.66,1.0499999523162842,1.0500000715255737,33.210000002384184,1.2427552938461304,1.2031891345977783,0.999999886467351
