{
  "r2": 0.01816634715473331,
  "correlation": 0.13478259217990074,
  "slope": 3.129668234576603,
  "intercept": 0.7596823091039854,
  "mae": 0.7798267556945471,
  "rmse": 0.8412775785580962,
  "n_pairs": 56,
  "n_nonzero": 56
}