{
  "total_episodes": 60,
  "final_td_error": 0.0,
  "final_value": 0.0,
  "mean_firing_rate": 9.751805555555555,
  "mean_dopamine": 0.6276248097419739,
  "total_spikes": 0
}