episode,return,steps,ate,dopamine_mean,d_star,efficiency,turns,spike_count,firing_rate,E_rate,I_rate,ATP_proxy,DA_mean,ACh_mean,E_I_balance
8,24.55669373788524,50,1,0.9890341401100159,1,0.02,0,33,0.66,1.0499999523162842,1.0500000715255737,33.210000002384184,0.7059633731842041,1.20339834690094,0.999999886467351
