episode,return,steps,ate,dopamine_mean,d_star,efficiency,turns,spike_count,firing_rate,E_rate,I_rate,ATP_proxy,DA_mean,ACh_mean,E_I_balance
59,5.83810038372479,198,0,0.6807161998568159,1,0.005050505050505051,0,33,0.16666666666666666,1.0499999523162842,1.0500000715255737,33.210000002384184,1.1742969751358032,1.2031991481781006,0.999999886467351
