episode,return,steps,ate,dopamine_mean,d_star,efficiency,turns,spike_count,firing_rate,E_rate,I_rate,ATP_proxy,DA_mean,ACh_mean,E_I_balance
25,5.920475024236302,197,0,0.6327869981376048,1,0.005076142131979695,0,33,0.16751269035532995,1.0499999523162842,1.0500000715255737,33.210000002384184,1.1924545764923096,1.203275442123413,0.999999886467351
