episode,return,steps,ate,dopamine_mean,d_star,efficiency,turns,spike_count,firing_rate,E_rate,I_rate,ATP_proxy,DA_mean,ACh_mean,E_I_balance
37,4.110957692719008,198,0,0.5877285981268594,1,0.005050505050505051,0,33,0.16666666666666666,1.0499999523162842,1.0500000715255737,33.210000002384184,1.222796082496643,1.2033228874206543,0.999999886467351
