episode,return,steps,ate,dopamine_mean,d_star,efficiency,turns,spike_count,firing_rate,E_rate,I_rate,ATP_proxy,DA_mean,ACh_mean,E_I_balance
1,12.500000000000005,50,0,0.7861180466413498,1,0.02,0,33,0.66,1.0499999523162842,1.0500000715255737,33.210000002384184,0.47814449667930603,1.2407433986663818,0.999999886467351
