episode,return,steps,ate,dopamine_mean,d_star,efficiency,turns,spike_count,firing_rate,E_rate,I_rate,ATP_proxy,DA_mean,ACh_mean,E_I_balance
11,8.556693737885244,50,1,0.5284549641609192,1,0.02,0,33,0.66,1.0499999523162842,1.0500000715255737,33.210000002384184,0.5761176347732544,1.2032361030578613,0.999999886467351
