episode,return,steps,ate,dopamine_mean,d_star,efficiency,turns,spike_count,firing_rate,E_rate,I_rate,ATP_proxy,DA_mean,ACh_mean,E_I_balance
16,16.443306262114763,50,0,0.7989617818593979,1,0.02,0,33,0.66,1.0499999523162842,1.0500000715255737,33.210000002384184,1.3631691932678223,1.2032796144485474,0.999999886467351
